,model,size,features,abs_shap
0,RFC,5000,Term: 36 months,4.900839921376022
1,RFC,5000,Term: 60 months,7.3958688681311635
2,RFC,5000,Loan_Grade:A,27.523577927664714
3,RFC,5000,Loan_Grade:B,14.002583737939899
4,RFC,5000,Loan_Grade:C,6.291706338226528
5,RFC,5000,Loan_Grade:D,11.80106271043581
6,RFC,5000,Loan_Grade:E,1.1933473260947114
7,RFC,5000,Loan_Grade:F,1.3213894548069003
8,RFC,5000,Loan_Grade:G,0.13738412155802976
9,RFC,5000,Loan_SubGrade:A1,1.0403981695173872
10,RFC,5000,Loan_SubGrade:A2,1.6700406257636387
11,RFC,5000,Loan_SubGrade:A3,1.265961208266232
12,RFC,5000,Loan_SubGrade:A4,1.8249653019136074
13,RFC,5000,Loan_SubGrade:A5,0.9977798000915767
14,RFC,5000,Loan_SubGrade:B1,0.6923885505055822
15,RFC,5000,Loan_SubGrade:B2,1.4925966210943133
16,RFC,5000,Loan_SubGrade:B3,0.6086902330538227
17,RFC,5000,Loan_SubGrade:B4,1.7138435616848975
18,RFC,5000,Loan_SubGrade:B5,0.9165284861738432
19,RFC,5000,Loan_SubGrade:C1,1.57457402914336
20,RFC,5000,Loan_SubGrade:C2,1.4262857565888898
21,RFC,5000,Loan_SubGrade:C3,1.3087410262727042
22,RFC,5000,Loan_SubGrade:C4,2.1140431554490124
23,RFC,5000,Loan_SubGrade:C5,1.5373006294758778
24,RFC,5000,Loan_SubGrade:D1,0.7967770016288179
25,RFC,5000,Loan_SubGrade:D2,1.2821100947067001
26,RFC,5000,Loan_SubGrade:D3,1.238405805652693
27,RFC,5000,Loan_SubGrade:D4,0.7863961181512543
28,RFC,5000,Loan_SubGrade:D5,3.675856521980375
29,RFC,5000,Loan_SubGrade:E1,0.5295219670746577
30,RFC,5000,Loan_SubGrade:E2,0.1427341965323851
31,RFC,5000,Loan_SubGrade:E3,0.3112814247826808
32,RFC,5000,Loan_SubGrade:E4,0.2558510452421209
33,RFC,5000,Loan_SubGrade:E5,0.3318098253915788
34,RFC,5000,Loan_SubGrade:F1,0.18752716226211696
35,RFC,5000,Loan_SubGrade:F2,0.0018865186450962579
36,RFC,5000,Loan_SubGrade:F3,0.03066065629995078
37,RFC,5000,Loan_SubGrade:F4,0.03956651595525945
38,RFC,5000,Loan_SubGrade:F5,0.0
39,RFC,5000,Loan_SubGrade:G1,0.06873976576493357
40,RFC,5000,Loan_SubGrade:G2,0.0
41,RFC,5000,Loan_SubGrade:G3,0.0
42,RFC,5000,Loan_SubGrade:G4,0.03458885105464575
43,RFC,5000,Loan_SubGrade:1 year,1.0118676485977927
44,RFC,5000,Employment_Length:10+ years,6.652298492933126
45,RFC,5000,Employment_Length:2 years,1.243387781049204
46,RFC,5000,Employment_Length:3 years,1.8019455148875596
47,RFC,5000,Employment_Length:4 years,1.7799360664491548
48,RFC,5000,Employment_Length:5 years,0.9986750389273954
49,RFC,5000,Employment_Length:6 years,0.5270989456222114
50,RFC,5000,Employment_Length:7 years,0.5060889501093628
51,RFC,5000,Employment_Length:8 years,0.6232774940233975
52,RFC,5000,Employment_Length:9 years,0.32767391211563707
53,RFC,5000,Employment_Length:< 1 year,2.5403926075530423
54,RFC,5000,Employment_Length:unknown,7.809398399794904
55,RFC,5000,Employment_Length:ANY,0.051955339801586314
56,RFC,5000,Home_Ownership:MORTGAGE,35.031651135558505
57,RFC,5000,Home_Ownership:OWN,3.3633915052772543
58,RFC,5000,Home_Ownership:RENT,8.242362442689231
59,RFC,5000,loan_amnt,28.851155136392673
60,RFC,5000,int_rate,47.575189837446686
61,RFC,5000,installment,27.76353168801256
62,RFC,5000,annual_inc,32.19688681218586
63,RFC,5000,inq_last_6mths,10.160504198184283
64,RFC,5000,delinq_2yrs,2.5490753128194052
65,RFC,5000,mths_since_last_delinq,7.14823205509391
66,RFC,5000,open_acc,13.972248654448139
67,RFC,5000,total_acc,37.194556204151915
68,RFC,5000,mths_since_last_major_derog,4.020512982669622
69,RFC,5000,dti,30.231551350524487
70,RFC,5000,revol_bal,19.867335086613146
71,RFC,5000,tot_cur_bal,28.22299390050761
72,RFC,5000,open_il_24m,15.39102612139898
73,RFC,5000,chargeoff_within_12_mths,0.16855624784440648
74,RFC,5000,delinq_amnt,0.0
0,GBC,5000,Term: 36 months,0.01496579441056047
1,GBC,5000,Term: 60 months,0.31439098116219233
2,GBC,5000,Loan_Grade:A,48.23137075265446
3,GBC,5000,Loan_Grade:B,9.200404528107478
4,GBC,5000,Loan_Grade:C,1.3326468019522033
5,GBC,5000,Loan_Grade:D,4.388026155171493
6,GBC,5000,Loan_Grade:E,0.9542908417738937
7,GBC,5000,Loan_Grade:F,0.12094427660282694
8,GBC,5000,Loan_Grade:G,0.0
9,GBC,5000,Loan_SubGrade:A1,4.612302088364735
10,GBC,5000,Loan_SubGrade:A2,4.495926123016284
11,GBC,5000,Loan_SubGrade:A3,4.355818915484442
12,GBC,5000,Loan_SubGrade:A4,2.7887560608357034
13,GBC,5000,Loan_SubGrade:A5,1.8183206872712012
14,GBC,5000,Loan_SubGrade:B1,7.1282803482068715
15,GBC,5000,Loan_SubGrade:B2,6.248920193269612
16,GBC,5000,Loan_SubGrade:B3,2.265599725462212
17,GBC,5000,Loan_SubGrade:B4,6.509234224457589
18,GBC,5000,Loan_SubGrade:B5,2.964967622857591
19,GBC,5000,Loan_SubGrade:C1,0.2264342378334864
20,GBC,5000,Loan_SubGrade:C2,5.60822898127908
21,GBC,5000,Loan_SubGrade:C3,8.547048327158127
22,GBC,5000,Loan_SubGrade:C4,3.4754347220949313
23,GBC,5000,Loan_SubGrade:C5,1.526617156873023
24,GBC,5000,Loan_SubGrade:D1,3.3514839014587503
25,GBC,5000,Loan_SubGrade:D2,8.995032944647665
26,GBC,5000,Loan_SubGrade:D3,6.706252102593471
27,GBC,5000,Loan_SubGrade:D4,7.986777966451475
28,GBC,5000,Loan_SubGrade:D5,9.7443915755681
29,GBC,5000,Loan_SubGrade:E1,2.2571347106515045
30,GBC,5000,Loan_SubGrade:E2,0.48133091514090687
31,GBC,5000,Loan_SubGrade:E3,1.5754382715950337
32,GBC,5000,Loan_SubGrade:E4,0.9289318887064292
33,GBC,5000,Loan_SubGrade:E5,3.575458218388731
34,GBC,5000,Loan_SubGrade:F1,0.3749280191601867
35,GBC,5000,Loan_SubGrade:F2,0.0
36,GBC,5000,Loan_SubGrade:F3,0.0
37,GBC,5000,Loan_SubGrade:F4,0.0
38,GBC,5000,Loan_SubGrade:F5,0.0
39,GBC,5000,Loan_SubGrade:G1,0.06036833700203978
40,GBC,5000,Loan_SubGrade:G2,0.0
41,GBC,5000,Loan_SubGrade:G3,0.0
42,GBC,5000,Loan_SubGrade:G4,0.03420068257859182
43,GBC,5000,Loan_SubGrade:1 year,1.1586713163901035
44,GBC,5000,Employment_Length:10+ years,2.015155438317285
45,GBC,5000,Employment_Length:2 years,0.9324778245729308
46,GBC,5000,Employment_Length:3 years,0.47921436702158765
47,GBC,5000,Employment_Length:4 years,0.29933224673308
48,GBC,5000,Employment_Length:5 years,0.5718437350475661
49,GBC,5000,Employment_Length:6 years,0.13696166433926887
50,GBC,5000,Employment_Length:7 years,0.296231728674481
51,GBC,5000,Employment_Length:8 years,1.1618510296231417
52,GBC,5000,Employment_Length:9 years,0.5388540379405357
53,GBC,5000,Employment_Length:< 1 year,3.513631697904045
54,GBC,5000,Employment_Length:unknown,8.367187065972102
55,GBC,5000,Employment_Length:ANY,0.17732738883298169
56,GBC,5000,Home_Ownership:MORTGAGE,20.491764044110212
57,GBC,5000,Home_Ownership:OWN,0.35967407584003414
58,GBC,5000,Home_Ownership:RENT,3.147682272302478
59,GBC,5000,loan_amnt,32.80761155402375
60,GBC,5000,int_rate,295.5674864698407
61,GBC,5000,installment,49.58993447440401
62,GBC,5000,annual_inc,40.34743085720748
63,GBC,5000,inq_last_6mths,8.054179895878738
64,GBC,5000,delinq_2yrs,2.1509058629920785
65,GBC,5000,mths_since_last_delinq,6.234688072294088
66,GBC,5000,open_acc,17.128169766709796
67,GBC,5000,total_acc,32.786667371130605
68,GBC,5000,mths_since_last_major_derog,7.832799571996878
69,GBC,5000,dti,27.074425732504977
70,GBC,5000,revol_bal,27.508361786201206
71,GBC,5000,tot_cur_bal,28.341879445532143
72,GBC,5000,open_il_24m,12.88292095703867
73,GBC,5000,chargeoff_within_12_mths,0.1689093531422532
74,GBC,5000,delinq_amnt,0.0
0,LR,5000,Term: 36 months,146.35395253691675
1,LR,5000,Term: 60 months,157.36602828302182
2,LR,5000,Loan_Grade:A,88.69618879898525
3,LR,5000,Loan_Grade:B,109.25265506850035
4,LR,5000,Loan_Grade:C,0.21495904597265772
5,LR,5000,Loan_Grade:D,104.98487109711519
6,LR,5000,Loan_Grade:E,42.64081459019553
7,LR,5000,Loan_Grade:F,9.898312384919594
8,LR,5000,Loan_Grade:G,1.4785170776874281
9,LR,5000,Loan_SubGrade:A1,8.776164510040681
10,LR,5000,Loan_SubGrade:A2,8.994635040213337
11,LR,5000,Loan_SubGrade:A3,6.754720683374079
12,LR,5000,Loan_SubGrade:A4,0.04549712909912216
13,LR,5000,Loan_SubGrade:A5,7.866475475614371
14,LR,5000,Loan_SubGrade:B1,16.31240484936063
15,LR,5000,Loan_SubGrade:B2,14.239795030024585
16,LR,5000,Loan_SubGrade:B3,6.063222086713689
17,LR,5000,Loan_SubGrade:B4,0.042879933966496815
18,LR,5000,Loan_SubGrade:B5,13.942157662396758
19,LR,5000,Loan_SubGrade:C1,21.48385895587917
20,LR,5000,Loan_SubGrade:C2,13.25023414378461
21,LR,5000,Loan_SubGrade:C3,0.008973302696548557
22,LR,5000,Loan_SubGrade:C4,23.73840696547436
23,LR,5000,Loan_SubGrade:C5,26.066337065784055
24,LR,5000,Loan_SubGrade:D1,14.262252866794418
25,LR,5000,Loan_SubGrade:D2,11.173979807535554
26,LR,5000,Loan_SubGrade:D3,9.26568327838849
27,LR,5000,Loan_SubGrade:D4,12.060143866071522
28,LR,5000,Loan_SubGrade:D5,17.342008042960284
29,LR,5000,Loan_SubGrade:E1,6.874227512746554
30,LR,5000,Loan_SubGrade:E2,0.5752957853043135
31,LR,5000,Loan_SubGrade:E3,6.105007443569541
32,LR,5000,Loan_SubGrade:E4,4.7851219696093565
33,LR,5000,Loan_SubGrade:E5,6.800038698144688
34,LR,5000,Loan_SubGrade:F1,1.2490758449771262
35,LR,5000,Loan_SubGrade:F2,0.0
36,LR,5000,Loan_SubGrade:F3,0.3845681719552137
37,LR,5000,Loan_SubGrade:F4,0.560649923474663
38,LR,5000,Loan_SubGrade:F5,0.0
39,LR,5000,Loan_SubGrade:G1,0.16439218442575576
40,LR,5000,Loan_SubGrade:G2,0.0
41,LR,5000,Loan_SubGrade:G3,0.0
42,LR,5000,Loan_SubGrade:G4,0.0
43,LR,5000,Loan_SubGrade:1 year,0.10947732065035962
44,LR,5000,Employment_Length:10+ years,0.6322940270451349
45,LR,5000,Employment_Length:2 years,0.28786460363706445
46,LR,5000,Employment_Length:3 years,0.6443868915017317
47,LR,5000,Employment_Length:4 years,0.2445314349547839
48,LR,5000,Employment_Length:5 years,0.11846941701068427
49,LR,5000,Employment_Length:6 years,0.23545044032028548
50,LR,5000,Employment_Length:7 years,0.07036535592067578
51,LR,5000,Employment_Length:8 years,0.2475816971576896
52,LR,5000,Employment_Length:9 years,0.08574763451524796
53,LR,5000,Employment_Length:< 1 year,1.1893471638659114
54,LR,5000,Employment_Length:unknown,5.3517501284627365
55,LR,5000,Employment_Length:ANY,0.0
56,LR,5000,Home_Ownership:MORTGAGE,76.91612147142268
57,LR,5000,Home_Ownership:OWN,31.89614699940725
58,LR,5000,Home_Ownership:RENT,89.00546539154361
59,LR,5000,loan_amnt,3.035513233796141
60,LR,5000,int_rate,429.07560083255265
61,LR,5000,installment,24.065578428832332
62,LR,5000,annual_inc,2.0854195387060783
63,LR,5000,inq_last_6mths,2.985336688954461
64,LR,5000,delinq_2yrs,0.8803429264710676
65,LR,5000,mths_since_last_delinq,0.5610282254945724
66,LR,5000,open_acc,4.071634165472215
67,LR,5000,total_acc,16.15480689165413
68,LR,5000,mths_since_last_major_derog,1.7752757341522538
69,LR,5000,dti,3.3001761292202465
70,LR,5000,revol_bal,2.280740058744042
71,LR,5000,tot_cur_bal,4.265467623883098
72,LR,5000,open_il_24m,4.266082819097134
73,LR,5000,chargeoff_within_12_mths,0.020466257303754676
74,LR,5000,delinq_amnt,0.08145459386057774
0,RFC,10000,Term: 36 months,12.684615056017062
1,RFC,10000,Term: 60 months,13.60255409222788
2,RFC,10000,Loan_Grade:A,71.45705123249567
3,RFC,10000,Loan_Grade:B,27.111162408708783
4,RFC,10000,Loan_Grade:C,13.222610922800728
5,RFC,10000,Loan_Grade:D,41.47840221313342
6,RFC,10000,Loan_Grade:E,4.631416166400601
7,RFC,10000,Loan_Grade:F,2.27185974709413
8,RFC,10000,Loan_Grade:G,0.2679745402314519
9,RFC,10000,Loan_SubGrade:A1,6.135237340716034
10,RFC,10000,Loan_SubGrade:A2,1.3856183959970083
11,RFC,10000,Loan_SubGrade:A3,3.7564761158713385
12,RFC,10000,Loan_SubGrade:A4,4.127530331263759
13,RFC,10000,Loan_SubGrade:A5,2.345823848505256
14,RFC,10000,Loan_SubGrade:B1,5.4883631377230335
15,RFC,10000,Loan_SubGrade:B2,6.217585942761565
16,RFC,10000,Loan_SubGrade:B3,2.802308198027735
17,RFC,10000,Loan_SubGrade:B4,2.9754306896333964
18,RFC,10000,Loan_SubGrade:B5,3.444965710612704
19,RFC,10000,Loan_SubGrade:C1,6.607444922901572
20,RFC,10000,Loan_SubGrade:C2,2.6131544359122185
21,RFC,10000,Loan_SubGrade:C3,2.2636327324189613
22,RFC,10000,Loan_SubGrade:C4,3.2392203231186936
23,RFC,10000,Loan_SubGrade:C5,5.316045906939023
24,RFC,10000,Loan_SubGrade:D1,1.4336021945749626
25,RFC,10000,Loan_SubGrade:D2,1.7899586777746501
26,RFC,10000,Loan_SubGrade:D3,2.358147487152262
27,RFC,10000,Loan_SubGrade:D4,1.6631196156923576
28,RFC,10000,Loan_SubGrade:D5,3.289170366250215
29,RFC,10000,Loan_SubGrade:E1,0.700213455860367
30,RFC,10000,Loan_SubGrade:E2,0.39870905404998347
31,RFC,10000,Loan_SubGrade:E3,0.8278745272585961
32,RFC,10000,Loan_SubGrade:E4,0.6945614988188461
33,RFC,10000,Loan_SubGrade:E5,1.372473265701004
34,RFC,10000,Loan_SubGrade:F1,0.15956900984057149
35,RFC,10000,Loan_SubGrade:F2,0.09483309904223021
36,RFC,10000,Loan_SubGrade:F3,0.036290829138516445
37,RFC,10000,Loan_SubGrade:F4,0.023482161697746202
38,RFC,10000,Loan_SubGrade:F5,0.05786705234091279
39,RFC,10000,Loan_SubGrade:G1,0.5594314059465789
40,RFC,10000,Loan_SubGrade:G2,0.03931900932079483
41,RFC,10000,Loan_SubGrade:G3,0.011169525626969462
42,RFC,10000,Loan_SubGrade:G4,0.018334251585686245
43,RFC,10000,Loan_SubGrade:G5,0.0
44,RFC,10000,Employment_Length:1 year,1.9647122271845257
45,RFC,10000,Employment_Length:10+ years,7.533069395048198
46,RFC,10000,Employment_Length:2 years,2.088511076584597
47,RFC,10000,Employment_Length:3 years,2.2065198154352337
48,RFC,10000,Employment_Length:4 years,3.0145510167306395
49,RFC,10000,Employment_Length:5 years,2.4937748110967943
50,RFC,10000,Employment_Length:6 years,1.1101135251446377
51,RFC,10000,Employment_Length:7 years,2.163455789285071
52,RFC,10000,Employment_Length:8 years,0.8873451320509717
53,RFC,10000,Employment_Length:9 years,0.7175666561518258
54,RFC,10000,Employment_Length:< 1 year,8.733972698941107
55,RFC,10000,Employment_Length:unknown,8.440874112534633
56,RFC,10000,Home_Ownership:ANY,0.025541599997649628
57,RFC,10000,Home_Ownership:MORTGAGE,38.356590610501065
58,RFC,10000,Home_Ownership:OWN,9.094023758587486
59,RFC,10000,Home_Ownership:RENT,41.94397113245754
60,RFC,10000,loan_amnt,54.39484940040506
61,RFC,10000,int_rate,131.92718003732412
62,RFC,10000,installment,68.3028877371959
63,RFC,10000,annual_inc,67.33560008445886
64,RFC,10000,inq_last_6mths,18.141050364153116
65,RFC,10000,delinq_2yrs,3.4781629329369292
66,RFC,10000,mths_since_last_delinq,14.440367628122313
67,RFC,10000,open_acc,24.4054712589155
68,RFC,10000,total_acc,86.60524350302228
69,RFC,10000,mths_since_last_major_derog,7.998045512126594
70,RFC,10000,dti,51.977819832616056
71,RFC,10000,revol_bal,36.005643648350606
72,RFC,10000,tot_cur_bal,43.4455321186947
73,RFC,10000,open_il_24m,25.136091663777997
74,RFC,10000,chargeoff_within_12_mths,0.0795945156645182
75,RFC,10000,delinq_amnt,0.0
0,GBC,10000,Term: 36 months,0.24732673314328013
1,GBC,10000,Term: 60 months,1.3748664398543633
2,GBC,10000,Loan_Grade:A,0.03002839006459806
3,GBC,10000,Loan_Grade:B,7.7721962460319505
4,GBC,10000,Loan_Grade:C,3.4443129677852675
5,GBC,10000,Loan_Grade:D,17.484143140530513
6,GBC,10000,Loan_Grade:E,4.898833234875668
7,GBC,10000,Loan_Grade:F,5.155463306695849
8,GBC,10000,Loan_Grade:G,0.006325033389469992
9,GBC,10000,Loan_SubGrade:A1,8.643378210166105
10,GBC,10000,Loan_SubGrade:A2,3.2935152018850538
11,GBC,10000,Loan_SubGrade:A3,3.817203566936058
12,GBC,10000,Loan_SubGrade:A4,8.450348594551484
13,GBC,10000,Loan_SubGrade:A5,8.434733938809392
14,GBC,10000,Loan_SubGrade:B1,7.5280514634395725
15,GBC,10000,Loan_SubGrade:B2,16.559435743266338
16,GBC,10000,Loan_SubGrade:B3,8.979431191832976
17,GBC,10000,Loan_SubGrade:B4,6.031544412652088
18,GBC,10000,Loan_SubGrade:B5,19.330350970539435
19,GBC,10000,Loan_SubGrade:C1,3.8683263550590024
20,GBC,10000,Loan_SubGrade:C2,13.731176664877538
21,GBC,10000,Loan_SubGrade:C3,14.859346672224603
22,GBC,10000,Loan_SubGrade:C4,3.653096948359145
23,GBC,10000,Loan_SubGrade:C5,33.21311182526858
24,GBC,10000,Loan_SubGrade:D1,6.34007147829635
25,GBC,10000,Loan_SubGrade:D2,12.510040249714157
26,GBC,10000,Loan_SubGrade:D3,17.20797549543782
27,GBC,10000,Loan_SubGrade:D4,13.382863043891781
28,GBC,10000,Loan_SubGrade:D5,16.718718575374407
29,GBC,10000,Loan_SubGrade:E1,3.7423650358710194
30,GBC,10000,Loan_SubGrade:E2,0.6537792876985011
31,GBC,10000,Loan_SubGrade:E3,7.7536704312141564
32,GBC,10000,Loan_SubGrade:E4,5.775431936253611
33,GBC,10000,Loan_SubGrade:E5,17.837766093173965
34,GBC,10000,Loan_SubGrade:F1,1.174641385692675
35,GBC,10000,Loan_SubGrade:F2,0.7646929922161957
36,GBC,10000,Loan_SubGrade:F3,0.19047114844484692
37,GBC,10000,Loan_SubGrade:F4,0.5605532197887397
38,GBC,10000,Loan_SubGrade:F5,0.4039969809052779
39,GBC,10000,Loan_SubGrade:G1,4.089220294462221
40,GBC,10000,Loan_SubGrade:G2,0.24687778758292628
41,GBC,10000,Loan_SubGrade:G3,0.041653555729833786
42,GBC,10000,Loan_SubGrade:G4,0.049358461435570655
43,GBC,10000,Loan_SubGrade:G5,0.0
44,GBC,10000,Employment_Length:1 year,3.6848864662072534
45,GBC,10000,Employment_Length:10+ years,0.23958989931743946
46,GBC,10000,Employment_Length:2 years,0.5799254173950981
47,GBC,10000,Employment_Length:3 years,0.8949121215891652
48,GBC,10000,Employment_Length:4 years,0.20280863885135175
49,GBC,10000,Employment_Length:5 years,0.6411558625987239
50,GBC,10000,Employment_Length:6 years,2.496725988291465
51,GBC,10000,Employment_Length:7 years,0.212562834010116
52,GBC,10000,Employment_Length:8 years,0.05299643027690646
53,GBC,10000,Employment_Length:9 years,1.0177435629011993
54,GBC,10000,Employment_Length:< 1 year,8.483425712198853
55,GBC,10000,Employment_Length:unknown,16.58171262340456
56,GBC,10000,Home_Ownership:ANY,0.09096650097311945
57,GBC,10000,Home_Ownership:MORTGAGE,33.75203904783918
58,GBC,10000,Home_Ownership:OWN,1.5086880659644941
59,GBC,10000,Home_Ownership:RENT,0.7862445377937176
60,GBC,10000,loan_amnt,76.75432157483351
61,GBC,10000,int_rate,622.5540347114733
62,GBC,10000,installment,158.4768435880327
63,GBC,10000,annual_inc,35.81367169564701
64,GBC,10000,inq_last_6mths,9.910165425578993
65,GBC,10000,delinq_2yrs,1.1523567371670767
66,GBC,10000,mths_since_last_delinq,12.176901364572291
67,GBC,10000,open_acc,32.41958293784395
68,GBC,10000,total_acc,71.54781326157233
69,GBC,10000,mths_since_last_major_derog,17.563608240972457
70,GBC,10000,dti,54.58740653395706
71,GBC,10000,revol_bal,33.460352190384164
72,GBC,10000,tot_cur_bal,39.60377373824914
73,GBC,10000,open_il_24m,15.061686676686799
74,GBC,10000,chargeoff_within_12_mths,0.07462032104498098
75,GBC,10000,delinq_amnt,0.0
0,LR,10000,Term: 36 months,228.3296369789201
1,LR,10000,Term: 60 months,337.9871185835321
2,LR,10000,Loan_Grade:A,122.06612836744206
3,LR,10000,Loan_Grade:B,75.71606940061933
4,LR,10000,Loan_Grade:C,137.33545635500712
5,LR,10000,Loan_Grade:D,266.66044680350007
6,LR,10000,Loan_Grade:E,103.00978160696454
7,LR,10000,Loan_Grade:F,25.969392963647103
8,LR,10000,Loan_Grade:G,8.014305964539613
9,LR,10000,Loan_SubGrade:A1,17.363654311228924
10,LR,10000,Loan_SubGrade:A2,8.135125257273534
11,LR,10000,Loan_SubGrade:A3,9.429534578281295
12,LR,10000,Loan_SubGrade:A4,0.04393369990696277
13,LR,10000,Loan_SubGrade:A5,4.651550487868302
14,LR,10000,Loan_SubGrade:B1,21.473506478379367
15,LR,10000,Loan_SubGrade:B2,21.18191632248149
16,LR,10000,Loan_SubGrade:B3,10.302501531170236
17,LR,10000,Loan_SubGrade:B4,0.049411569591419964
18,LR,10000,Loan_SubGrade:B5,18.832350038757976
19,LR,10000,Loan_SubGrade:C1,19.381849183610086
20,LR,10000,Loan_SubGrade:C2,0.7997876499779556
21,LR,10000,Loan_SubGrade:C3,9.26022461150734
22,LR,10000,Loan_SubGrade:C4,30.21513301251503
23,LR,10000,Loan_SubGrade:C5,34.319344918549646
24,LR,10000,Loan_SubGrade:D1,11.582960129386914
25,LR,10000,Loan_SubGrade:D2,0.0407922461775071
26,LR,10000,Loan_SubGrade:D3,14.166366021446477
27,LR,10000,Loan_SubGrade:D4,9.586848154134453
28,LR,10000,Loan_SubGrade:D5,19.83526508570528
29,LR,10000,Loan_SubGrade:E1,4.71896201281827
30,LR,10000,Loan_SubGrade:E2,0.0
31,LR,10000,Loan_SubGrade:E3,3.4681546916021397
32,LR,10000,Loan_SubGrade:E4,3.385663978018589
33,LR,10000,Loan_SubGrade:E5,8.749785879680303
34,LR,10000,Loan_SubGrade:F1,1.3297658920287596
35,LR,10000,Loan_SubGrade:F2,0.04429449945332044
36,LR,10000,Loan_SubGrade:F3,0.3250731383465506
37,LR,10000,Loan_SubGrade:F4,0.4340662692674403
38,LR,10000,Loan_SubGrade:F5,0.41694328155540006
39,LR,10000,Loan_SubGrade:G1,0.5805929986940481
40,LR,10000,Loan_SubGrade:G2,0.01026401847874972
41,LR,10000,Loan_SubGrade:G3,0.0
42,LR,10000,Loan_SubGrade:G4,0.0
43,LR,10000,Loan_SubGrade:G5,0.0
44,LR,10000,Employment_Length:1 year,0.42764110689241985
45,LR,10000,Employment_Length:10+ years,0.3654321828604611
46,LR,10000,Employment_Length:2 years,0.12763192124978345
47,LR,10000,Employment_Length:3 years,0.21440958352535258
48,LR,10000,Employment_Length:4 years,0.06725669925328615
49,LR,10000,Employment_Length:5 years,0.16978104675887226
50,LR,10000,Employment_Length:6 years,0.17941616742740363
51,LR,10000,Employment_Length:7 years,0.14275599223633634
52,LR,10000,Employment_Length:8 years,0.06191093777168344
53,LR,10000,Employment_Length:9 years,0.018863704808482908
54,LR,10000,Employment_Length:< 1 year,0.349583727835152
55,LR,10000,Employment_Length:unknown,2.6074620687337493
56,LR,10000,Home_Ownership:ANY,0.0
57,LR,10000,Home_Ownership:MORTGAGE,136.2193802740528
58,LR,10000,Home_Ownership:OWN,50.39811000019892
59,LR,10000,Home_Ownership:RENT,150.1203040443105
60,LR,10000,loan_amnt,1.448515135702564
61,LR,10000,int_rate,692.8278626204394
62,LR,10000,installment,8.672694194639037
63,LR,10000,annual_inc,1.3537739719298334
64,LR,10000,inq_last_6mths,1.3995370220846393
65,LR,10000,delinq_2yrs,0.3575049802126953
66,LR,10000,mths_since_last_delinq,0.9273641877851287
67,LR,10000,open_acc,1.59204339249225
68,LR,10000,total_acc,4.760535410416953
69,LR,10000,mths_since_last_major_derog,0.7895184003646313
70,LR,10000,dti,1.5276650386075603
71,LR,10000,revol_bal,1.9014090798210868
72,LR,10000,tot_cur_bal,1.868179691769888
73,LR,10000,open_il_24m,1.2053260411614464
74,LR,10000,chargeoff_within_12_mths,0.016817939318293312
75,LR,10000,delinq_amnt,0.0
0,RFC,20000,Term: 36 months,25.10749998995311
1,RFC,20000,Term: 60 months,19.21089210884053
2,RFC,20000,Loan_Grade:A,133.36010385934904
3,RFC,20000,Loan_Grade:B,167.6140577443072
4,RFC,20000,Loan_Grade:C,31.689847902362853
5,RFC,20000,Loan_Grade:D,79.64045750743978
6,RFC,20000,Loan_Grade:E,13.61541979923625
7,RFC,20000,Loan_Grade:F,8.371425860088628
8,RFC,20000,Loan_Grade:G,1.1000095312665543
9,RFC,20000,Loan_SubGrade:A1,14.9622311772525
10,RFC,20000,Loan_SubGrade:A2,7.754156144046249
11,RFC,20000,Loan_SubGrade:A3,6.909155092883381
12,RFC,20000,Loan_SubGrade:A4,5.884549709332463
13,RFC,20000,Loan_SubGrade:A5,7.53984965293871
14,RFC,20000,Loan_SubGrade:B1,17.52949071481059
15,RFC,20000,Loan_SubGrade:B2,15.993745744698494
16,RFC,20000,Loan_SubGrade:B3,5.399783267899183
17,RFC,20000,Loan_SubGrade:B4,11.908781738691367
18,RFC,20000,Loan_SubGrade:B5,10.029986563056113
19,RFC,20000,Loan_SubGrade:C1,15.8290253895336
20,RFC,20000,Loan_SubGrade:C2,10.261364043538627
21,RFC,20000,Loan_SubGrade:C3,7.36848459106664
22,RFC,20000,Loan_SubGrade:C4,12.01616849863227
23,RFC,20000,Loan_SubGrade:C5,11.903390231432804
24,RFC,20000,Loan_SubGrade:D1,4.4984720609138815
25,RFC,20000,Loan_SubGrade:D2,4.476179614426367
26,RFC,20000,Loan_SubGrade:D3,3.8624217162003007
27,RFC,20000,Loan_SubGrade:D4,2.849884408703595
28,RFC,20000,Loan_SubGrade:D5,5.990688502718564
29,RFC,20000,Loan_SubGrade:E1,1.6850966084561327
30,RFC,20000,Loan_SubGrade:E2,0.584148698284544
31,RFC,20000,Loan_SubGrade:E3,3.566219741303944
32,RFC,20000,Loan_SubGrade:E4,1.4245515694298574
33,RFC,20000,Loan_SubGrade:E5,1.7056775697051507
34,RFC,20000,Loan_SubGrade:F1,0.6110156113863127
35,RFC,20000,Loan_SubGrade:F2,0.2046769173492771
36,RFC,20000,Loan_SubGrade:F3,0.1915797402481942
37,RFC,20000,Loan_SubGrade:F4,0.4226225738539507
38,RFC,20000,Loan_SubGrade:F5,0.37427485433246227
39,RFC,20000,Loan_SubGrade:G1,0.17545029990443742
40,RFC,20000,Loan_SubGrade:G2,0.03348519754337207
41,RFC,20000,Loan_SubGrade:G3,0.030213945359832888
42,RFC,20000,Loan_SubGrade:G4,0.002108352660872067
43,RFC,20000,Loan_SubGrade:G5,0.03633792058965658
44,RFC,20000,Employment_Length:1 year,2.697751313417443
45,RFC,20000,Employment_Length:10+ years,23.583200850330723
46,RFC,20000,Employment_Length:2 years,4.437686981195711
47,RFC,20000,Employment_Length:3 years,3.013938229798443
48,RFC,20000,Employment_Length:4 years,4.310068406322096
49,RFC,20000,Employment_Length:5 years,2.5475971267862927
50,RFC,20000,Employment_Length:6 years,2.9129147578670085
51,RFC,20000,Employment_Length:7 years,1.796610504676968
52,RFC,20000,Employment_Length:8 years,2.795741687310199
53,RFC,20000,Employment_Length:9 years,2.187305819242627
54,RFC,20000,Employment_Length:< 1 year,16.80945940511977
55,RFC,20000,Employment_Length:unknown,9.613251142972668
56,RFC,20000,Home_Ownership:ANY,0.08353713329542525
57,RFC,20000,Home_Ownership:MORTGAGE,110.90878132959861
58,RFC,20000,Home_Ownership:OWN,10.768822803966058
59,RFC,20000,Home_Ownership:RENT,61.68085130768889
60,RFC,20000,loan_amnt,95.37303455582294
61,RFC,20000,int_rate,338.1125214942787
62,RFC,20000,installment,118.92965460351208
63,RFC,20000,annual_inc,98.94490204751436
64,RFC,20000,inq_last_6mths,40.920184095318525
65,RFC,20000,delinq_2yrs,8.319777053062351
66,RFC,20000,mths_since_last_delinq,38.39445105307735
67,RFC,20000,open_acc,53.358599171337566
68,RFC,20000,total_acc,108.71950891457169
69,RFC,20000,mths_since_last_major_derog,23.794124338135255
70,RFC,20000,dti,101.94550640765702
71,RFC,20000,revol_bal,58.960169450920766
72,RFC,20000,tot_cur_bal,165.01417929011933
73,RFC,20000,open_il_24m,37.33759775693394
74,RFC,20000,chargeoff_within_12_mths,0.30371727337122256
75,RFC,20000,delinq_amnt,0.09001212192398803
0,GBC,20000,Term: 36 months,4.165194076089793
1,GBC,20000,Term: 60 months,3.458731279243444
2,GBC,20000,Loan_Grade:A,51.933567930615354
3,GBC,20000,Loan_Grade:B,68.86901110096059
4,GBC,20000,Loan_Grade:C,32.20807158275414
5,GBC,20000,Loan_Grade:D,48.83739018173192
6,GBC,20000,Loan_Grade:E,12.506385831275619
7,GBC,20000,Loan_Grade:F,19.52153543519923
8,GBC,20000,Loan_Grade:G,12.756693603531813
9,GBC,20000,Loan_SubGrade:A1,12.71433981839679
10,GBC,20000,Loan_SubGrade:A2,0.007400883288785867
11,GBC,20000,Loan_SubGrade:A3,1.7334019280987165
12,GBC,20000,Loan_SubGrade:A4,8.414294584805024
13,GBC,20000,Loan_SubGrade:A5,1.9047300932976594
14,GBC,20000,Loan_SubGrade:B1,14.988850810784562
15,GBC,20000,Loan_SubGrade:B2,46.360889744052784
16,GBC,20000,Loan_SubGrade:B3,10.720845555589314
17,GBC,20000,Loan_SubGrade:B4,16.474042431746728
18,GBC,20000,Loan_SubGrade:B5,36.45642642330687
19,GBC,20000,Loan_SubGrade:C1,27.793748021993235
20,GBC,20000,Loan_SubGrade:C2,32.249702686352144
21,GBC,20000,Loan_SubGrade:C3,36.4024027788725
22,GBC,20000,Loan_SubGrade:C4,42.34131927360597
23,GBC,20000,Loan_SubGrade:C5,55.54808876403251
24,GBC,20000,Loan_SubGrade:D1,19.026867255650746
25,GBC,20000,Loan_SubGrade:D2,18.87192438463016
26,GBC,20000,Loan_SubGrade:D3,18.063319700506117
27,GBC,20000,Loan_SubGrade:D4,61.26970879126775
28,GBC,20000,Loan_SubGrade:D5,36.436564433886765
29,GBC,20000,Loan_SubGrade:E1,8.584307280882602
30,GBC,20000,Loan_SubGrade:E2,6.054014668899528
31,GBC,20000,Loan_SubGrade:E3,2.6223452261509252
32,GBC,20000,Loan_SubGrade:E4,3.4162573040964754
33,GBC,20000,Loan_SubGrade:E5,7.411725390332623
34,GBC,20000,Loan_SubGrade:F1,0.6984121020105604
35,GBC,20000,Loan_SubGrade:F2,0.06128147758493768
36,GBC,20000,Loan_SubGrade:F3,0.502929469021012
37,GBC,20000,Loan_SubGrade:F4,2.922342510014168
38,GBC,20000,Loan_SubGrade:F5,2.620596382793011
39,GBC,20000,Loan_SubGrade:G1,0.0032587969523618088
40,GBC,20000,Loan_SubGrade:G2,0.0
41,GBC,20000,Loan_SubGrade:G3,0.18225555847516137
42,GBC,20000,Loan_SubGrade:G4,0.0
43,GBC,20000,Loan_SubGrade:G5,0.03650948602711816
44,GBC,20000,Employment_Length:1 year,2.978736036617823
45,GBC,20000,Employment_Length:10+ years,0.846571917355329
46,GBC,20000,Employment_Length:2 years,6.612096067428611
47,GBC,20000,Employment_Length:3 years,1.418222652227987
48,GBC,20000,Employment_Length:4 years,0.3265569878747607
49,GBC,20000,Employment_Length:5 years,0.16786553038149268
50,GBC,20000,Employment_Length:6 years,2.6873284144975917
51,GBC,20000,Employment_Length:7 years,0.5108150498704559
52,GBC,20000,Employment_Length:8 years,0.2405496616950824
53,GBC,20000,Employment_Length:9 years,3.188145457671523
54,GBC,20000,Employment_Length:< 1 year,5.210353996628097
55,GBC,20000,Employment_Length:unknown,20.111262389919787
56,GBC,20000,Home_Ownership:ANY,0.2827524953610872
57,GBC,20000,Home_Ownership:MORTGAGE,62.23372114461758
58,GBC,20000,Home_Ownership:OWN,4.591979354356729
59,GBC,20000,Home_Ownership:RENT,17.20361116934783
60,GBC,20000,loan_amnt,63.54370934406693
61,GBC,20000,int_rate,1331.5022232487006
62,GBC,20000,installment,152.3259422159566
63,GBC,20000,annual_inc,52.72506904286542
64,GBC,20000,inq_last_6mths,11.34969456300311
65,GBC,20000,delinq_2yrs,4.190667112214993
66,GBC,20000,mths_since_last_delinq,17.5306984320974
67,GBC,20000,open_acc,25.868568952623168
68,GBC,20000,total_acc,77.38930077723757
69,GBC,20000,mths_since_last_major_derog,15.874100044374247
70,GBC,20000,dti,61.26851955747
71,GBC,20000,revol_bal,76.39897482745324
72,GBC,20000,tot_cur_bal,114.5507131707288
73,GBC,20000,open_il_24m,22.68944868727958
74,GBC,20000,chargeoff_within_12_mths,0.5922261700151524
75,GBC,20000,delinq_amnt,0.0
0,LR,20000,Term: 36 months,319.0925512371493
1,LR,20000,Term: 60 months,344.96030211844777
2,LR,20000,Loan_Grade:A,228.7374212659384
3,LR,20000,Loan_Grade:B,96.1141433927724
4,LR,20000,Loan_Grade:C,254.7339382315172
5,LR,20000,Loan_Grade:D,552.7779928454132
6,LR,20000,Loan_Grade:E,215.80853912235295
7,LR,20000,Loan_Grade:F,76.10117839458532
8,LR,20000,Loan_Grade:G,18.105582313511
9,LR,20000,Loan_SubGrade:A1,24.180654810574783
10,LR,20000,Loan_SubGrade:A2,20.13198208983928
11,LR,20000,Loan_SubGrade:A3,20.39383739558378
12,LR,20000,Loan_SubGrade:A4,0.0
13,LR,20000,Loan_SubGrade:A5,15.199461917158542
14,LR,20000,Loan_SubGrade:B1,26.883306215797052
15,LR,20000,Loan_SubGrade:B2,25.611162181351144
16,LR,20000,Loan_SubGrade:B3,16.136341552521614
17,LR,20000,Loan_SubGrade:B4,0.09467660721283487
18,LR,20000,Loan_SubGrade:B5,35.64745051983292
19,LR,20000,Loan_SubGrade:C1,26.51924445912487
20,LR,20000,Loan_SubGrade:C2,0.09915813228476938
21,LR,20000,Loan_SubGrade:C3,25.94631630866056
22,LR,20000,Loan_SubGrade:C4,49.94371742911245
23,LR,20000,Loan_SubGrade:C5,47.775206903317404
24,LR,20000,Loan_SubGrade:D1,26.086467857380665
25,LR,20000,Loan_SubGrade:D2,0.028636136341835483
26,LR,20000,Loan_SubGrade:D3,22.893928715602385
27,LR,20000,Loan_SubGrade:D4,24.997659452241287
28,LR,20000,Loan_SubGrade:D5,37.93581923163897
29,LR,20000,Loan_SubGrade:E1,8.134597001921437
30,LR,20000,Loan_SubGrade:E2,0.017165107459440707
31,LR,20000,Loan_SubGrade:E3,10.465199729438712
32,LR,20000,Loan_SubGrade:E4,8.761322290264793
33,LR,20000,Loan_SubGrade:E5,16.286647397351228
34,LR,20000,Loan_SubGrade:F1,2.436496394302259
35,LR,20000,Loan_SubGrade:F2,0.023615419057042564
36,LR,20000,Loan_SubGrade:F3,0.9143414206834908
37,LR,20000,Loan_SubGrade:F4,0.7442481195752523
38,LR,20000,Loan_SubGrade:F5,1.8277084276556947
39,LR,20000,Loan_SubGrade:G1,0.3579015802352346
40,LR,20000,Loan_SubGrade:G2,0.0
41,LR,20000,Loan_SubGrade:G3,0.02596672561169766
42,LR,20000,Loan_SubGrade:G4,0.0
43,LR,20000,Loan_SubGrade:G5,0.08950393909544857
44,LR,20000,Employment_Length:1 year,0.34840103152533985
45,LR,20000,Employment_Length:10+ years,0.8592723305921487
46,LR,20000,Employment_Length:2 years,0.31538656710940016
47,LR,20000,Employment_Length:3 years,0.25843425988042484
48,LR,20000,Employment_Length:4 years,0.2519569375059826
49,LR,20000,Employment_Length:5 years,0.18761359191218552
50,LR,20000,Employment_Length:6 years,0.28487235076836254
51,LR,20000,Employment_Length:7 years,0.11867733323486554
52,LR,20000,Employment_Length:8 years,0.06167089568123013
53,LR,20000,Employment_Length:9 years,0.026768586342553483
54,LR,20000,Employment_Length:< 1 year,0.2902666343896964
55,LR,20000,Employment_Length:unknown,3.139593394838521
56,LR,20000,Home_Ownership:ANY,0.0
57,LR,20000,Home_Ownership:MORTGAGE,363.0672824799282
58,LR,20000,Home_Ownership:OWN,122.9387954360441
59,LR,20000,Home_Ownership:RENT,396.31666364500217
60,LR,20000,loan_amnt,3.424500951061845
61,LR,20000,int_rate,1177.20653791197
62,LR,20000,installment,10.992715381800139
63,LR,20000,annual_inc,2.8816133946010707
64,LR,20000,inq_last_6mths,2.242635927858568
65,LR,20000,delinq_2yrs,0.8142546892250689
66,LR,20000,mths_since_last_delinq,1.3104580877993985
67,LR,20000,open_acc,2.782865918398953
68,LR,20000,total_acc,5.492873704148487
69,LR,20000,mths_since_last_major_derog,0.990186378776318
70,LR,20000,dti,3.169427825938018
71,LR,20000,revol_bal,2.718150232813973
72,LR,20000,tot_cur_bal,2.843170449951854
73,LR,20000,open_il_24m,2.4309441342685547
74,LR,20000,chargeoff_within_12_mths,0.018599267788296403
75,LR,20000,delinq_amnt,0.19953759598452292
0,RFC,40000,Term: 36 months,36.122631667306074
1,RFC,40000,Term: 60 months,37.17471588995358
2,RFC,40000,Loan_Grade:A,217.74301771617468
3,RFC,40000,Loan_Grade:B,469.80178369730953
4,RFC,40000,Loan_Grade:C,86.01674385193088
5,RFC,40000,Loan_Grade:D,107.50879271184152
6,RFC,40000,Loan_Grade:E,48.41870298212517
7,RFC,40000,Loan_Grade:F,24.95317415154779
8,RFC,40000,Loan_Grade:G,5.655728826115232
9,RFC,40000,Loan_SubGrade:A1,23.78013656995149
10,RFC,40000,Loan_SubGrade:A2,10.025652511637634
11,RFC,40000,Loan_SubGrade:A3,9.908010623285348
12,RFC,40000,Loan_SubGrade:A4,22.824602565487822
13,RFC,40000,Loan_SubGrade:A5,21.943000707406387
14,RFC,40000,Loan_SubGrade:B1,41.070749682172604
15,RFC,40000,Loan_SubGrade:B2,35.81753139664182
16,RFC,40000,Loan_SubGrade:B3,15.01706168358121
17,RFC,40000,Loan_SubGrade:B4,22.9725613598724
18,RFC,40000,Loan_SubGrade:B5,18.89553160442123
19,RFC,40000,Loan_SubGrade:C1,60.21397004967796
20,RFC,40000,Loan_SubGrade:C2,35.429769312174436
21,RFC,40000,Loan_SubGrade:C3,14.64075751694907
22,RFC,40000,Loan_SubGrade:C4,23.32507786733787
23,RFC,40000,Loan_SubGrade:C5,35.205596435730726
24,RFC,40000,Loan_SubGrade:D1,9.996204448657851
25,RFC,40000,Loan_SubGrade:D2,7.96583539289324
26,RFC,40000,Loan_SubGrade:D3,9.120849958688442
27,RFC,40000,Loan_SubGrade:D4,5.472829444357437
28,RFC,40000,Loan_SubGrade:D5,7.952719663952663
29,RFC,40000,Loan_SubGrade:E1,4.515955521457116
30,RFC,40000,Loan_SubGrade:E2,1.2853514285633858
31,RFC,40000,Loan_SubGrade:E3,2.5521684919096876
32,RFC,40000,Loan_SubGrade:E4,2.1446326819414065
33,RFC,40000,Loan_SubGrade:E5,2.2411444535051457
34,RFC,40000,Loan_SubGrade:F1,2.6370453257640443
35,RFC,40000,Loan_SubGrade:F2,0.9298767981228987
36,RFC,40000,Loan_SubGrade:F3,0.728340558431015
37,RFC,40000,Loan_SubGrade:F4,0.5809975294898382
38,RFC,40000,Loan_SubGrade:F5,0.18315344278120085
39,RFC,40000,Loan_SubGrade:G1,0.5293902113103464
40,RFC,40000,Loan_SubGrade:G2,0.33715628432147665
41,RFC,40000,Loan_SubGrade:G3,0.07352457558855444
42,RFC,40000,Loan_SubGrade:G4,0.17041200213386223
43,RFC,40000,Loan_SubGrade:G5,0.023588182990132104
44,RFC,40000,Employment_Length:1 year,12.33839055268893
45,RFC,40000,Employment_Length:10+ years,25.361768383653914
46,RFC,40000,Employment_Length:2 years,6.676249745203872
47,RFC,40000,Employment_Length:3 years,6.931819657881114
48,RFC,40000,Employment_Length:4 years,7.010146809350194
49,RFC,40000,Employment_Length:5 years,6.023944350729688
50,RFC,40000,Employment_Length:6 years,3.422962980636018
51,RFC,40000,Employment_Length:7 years,3.989156104852827
52,RFC,40000,Employment_Length:8 years,3.306772284199331
53,RFC,40000,Employment_Length:9 years,2.9658882069849697
54,RFC,40000,Employment_Length:< 1 year,12.546189915823089
55,RFC,40000,Employment_Length:unknown,22.711227639818375
56,RFC,40000,Home_Ownership:ANY,0.12438864577815145
57,RFC,40000,Home_Ownership:MORTGAGE,84.71728603821917
58,RFC,40000,Home_Ownership:OWN,15.199330320060968
59,RFC,40000,Home_Ownership:RENT,113.78404708041401
60,RFC,40000,loan_amnt,182.04835686851146
61,RFC,40000,int_rate,906.6593132734247
62,RFC,40000,installment,176.41392315470728
63,RFC,40000,annual_inc,143.75828134909884
64,RFC,40000,inq_last_6mths,65.66825519506635
65,RFC,40000,delinq_2yrs,24.159731551660773
66,RFC,40000,mths_since_last_delinq,58.06589960594813
67,RFC,40000,open_acc,98.50739979977064
68,RFC,40000,total_acc,102.32003203878716
69,RFC,40000,mths_since_last_major_derog,36.14119440970835
70,RFC,40000,dti,199.2492462980567
71,RFC,40000,revol_bal,125.01264368546346
72,RFC,40000,tot_cur_bal,319.36797092441066
73,RFC,40000,open_il_24m,71.2780694728809
74,RFC,40000,chargeoff_within_12_mths,0.6453415057591435
75,RFC,40000,delinq_amnt,0.6297854386903976
0,GBC,40000,Term: 36 months,0.8667251042998213
1,GBC,40000,Term: 60 months,1.6040454132463906
2,GBC,40000,Loan_Grade:A,16.87561886224385
3,GBC,40000,Loan_Grade:B,278.56460010337884
4,GBC,40000,Loan_Grade:C,20.28891820888925
5,GBC,40000,Loan_Grade:D,0.18582104914600137
6,GBC,40000,Loan_Grade:E,20.06204817590397
7,GBC,40000,Loan_Grade:F,31.127686795440336
8,GBC,40000,Loan_Grade:G,10.421842376244093
9,GBC,40000,Loan_SubGrade:A1,0.028993418632194595
10,GBC,40000,Loan_SubGrade:A2,3.35411333318507
11,GBC,40000,Loan_SubGrade:A3,4.810058003339735
12,GBC,40000,Loan_SubGrade:A4,1.079558579232181
13,GBC,40000,Loan_SubGrade:A5,0.12311137193639166
14,GBC,40000,Loan_SubGrade:B1,42.743829734627155
15,GBC,40000,Loan_SubGrade:B2,29.47345202113128
16,GBC,40000,Loan_SubGrade:B3,31.028042919884744
17,GBC,40000,Loan_SubGrade:B4,74.02686673502585
18,GBC,40000,Loan_SubGrade:B5,62.123144326170056
19,GBC,40000,Loan_SubGrade:C1,188.30215332447514
20,GBC,40000,Loan_SubGrade:C2,51.059495550464625
21,GBC,40000,Loan_SubGrade:C3,16.69493435209339
22,GBC,40000,Loan_SubGrade:C4,35.59808074487314
23,GBC,40000,Loan_SubGrade:C5,51.92103069243919
24,GBC,40000,Loan_SubGrade:D1,19.50726822757575
25,GBC,40000,Loan_SubGrade:D2,43.11745310738198
26,GBC,40000,Loan_SubGrade:D3,10.846029207421674
27,GBC,40000,Loan_SubGrade:D4,33.12871331916226
28,GBC,40000,Loan_SubGrade:D5,5.637222330991275
29,GBC,40000,Loan_SubGrade:E1,1.2009869538436915
30,GBC,40000,Loan_SubGrade:E2,2.525624560093027
31,GBC,40000,Loan_SubGrade:E3,2.219996864422722
32,GBC,40000,Loan_SubGrade:E4,2.459815790804638
33,GBC,40000,Loan_SubGrade:E5,4.780327128881908
34,GBC,40000,Loan_SubGrade:F1,0.011258357246845032
35,GBC,40000,Loan_SubGrade:F2,0.003184358745811688
36,GBC,40000,Loan_SubGrade:F3,0.10990316793033054
37,GBC,40000,Loan_SubGrade:F4,0.15582173056692405
38,GBC,40000,Loan_SubGrade:F5,0.03543924881853443
39,GBC,40000,Loan_SubGrade:G1,0.14667757404432571
40,GBC,40000,Loan_SubGrade:G2,0.0
41,GBC,40000,Loan_SubGrade:G3,0.06938388220111191
42,GBC,40000,Loan_SubGrade:G4,0.013857033087752886
43,GBC,40000,Loan_SubGrade:G5,0.22652238849495065
44,GBC,40000,Employment_Length:1 year,0.5442351648083642
45,GBC,40000,Employment_Length:10+ years,2.9576869600162516
46,GBC,40000,Employment_Length:2 years,0.7810347872933189
47,GBC,40000,Employment_Length:3 years,0.34796234144963367
48,GBC,40000,Employment_Length:4 years,0.6691554629695812
49,GBC,40000,Employment_Length:5 years,0.45475981864255227
50,GBC,40000,Employment_Length:6 years,0.9079540049956184
51,GBC,40000,Employment_Length:7 years,0.6009408503224252
52,GBC,40000,Employment_Length:8 years,0.1290924183352645
53,GBC,40000,Employment_Length:9 years,0.011182721635872651
54,GBC,40000,Employment_Length:< 1 year,0.5872674233167957
55,GBC,40000,Employment_Length:unknown,31.646044381552922
56,GBC,40000,Home_Ownership:ANY,0.039120223836129384
57,GBC,40000,Home_Ownership:MORTGAGE,12.923936005894713
58,GBC,40000,Home_Ownership:OWN,1.6085152893492536
59,GBC,40000,Home_Ownership:RENT,59.56923860087796
60,GBC,40000,loan_amnt,170.18707445202233
61,GBC,40000,int_rate,3283.24956403837
62,GBC,40000,installment,100.2558314868021
63,GBC,40000,annual_inc,55.220692354317
64,GBC,40000,inq_last_6mths,41.76696867886558
65,GBC,40000,delinq_2yrs,11.217732782817105
66,GBC,40000,mths_since_last_delinq,14.242302921163917
67,GBC,40000,open_acc,34.11502608840529
68,GBC,40000,total_acc,68.22366388894734
69,GBC,40000,mths_since_last_major_derog,17.855646048136446
70,GBC,40000,dti,92.71808107152283
71,GBC,40000,revol_bal,49.522799062032945
72,GBC,40000,tot_cur_bal,85.90276422693903
73,GBC,40000,open_il_24m,29.99344848673812
74,GBC,40000,chargeoff_within_12_mths,0.8834204670386656
75,GBC,40000,delinq_amnt,0.6428850983592089
0,LR,40000,Term: 36 months,642.7581921684779
1,LR,40000,Term: 60 months,695.9154963318888
2,LR,40000,Loan_Grade:A,447.960390800829
3,LR,40000,Loan_Grade:B,46.285630036969955
4,LR,40000,Loan_Grade:C,578.5484344917928
5,LR,40000,Loan_Grade:D,1035.4680929386152
6,LR,40000,Loan_Grade:E,430.9328960014721
7,LR,40000,Loan_Grade:F,189.17880072423287
8,LR,40000,Loan_Grade:G,49.208478575731874
9,LR,40000,Loan_SubGrade:A1,49.52558357301837
10,LR,40000,Loan_SubGrade:A2,42.17933838250284
11,LR,40000,Loan_SubGrade:A3,33.47166823428036
12,LR,40000,Loan_SubGrade:A4,0.0
13,LR,40000,Loan_SubGrade:A5,26.975243710270362
14,LR,40000,Loan_SubGrade:B1,72.96216194465809
15,LR,40000,Loan_SubGrade:B2,63.972215797654805
16,LR,40000,Loan_SubGrade:B3,17.632257824534747
17,LR,40000,Loan_SubGrade:B4,32.48040620139128
18,LR,40000,Loan_SubGrade:B5,80.93047641408279
19,LR,40000,Loan_SubGrade:C1,57.9155364368008
20,LR,40000,Loan_SubGrade:C2,0.10209256352879377
21,LR,40000,Loan_SubGrade:C3,52.23015173967366
22,LR,40000,Loan_SubGrade:C4,93.1008468453319
23,LR,40000,Loan_SubGrade:C5,109.45615157670251
24,LR,40000,Loan_SubGrade:D1,32.3918935834468
25,LR,40000,Loan_SubGrade:D2,0.112025026251385
26,LR,40000,Loan_SubGrade:D3,35.61006420818166
27,LR,40000,Loan_SubGrade:D4,46.72669418646218
28,LR,40000,Loan_SubGrade:D5,65.92655545156599
29,LR,40000,Loan_SubGrade:E1,11.661121137399906
30,LR,40000,Loan_SubGrade:E2,0.012848676914785133
31,LR,40000,Loan_SubGrade:E3,13.740013296482596
32,LR,40000,Loan_SubGrade:E4,16.811610233191036
33,LR,40000,Loan_SubGrade:E5,22.236524636686177
34,LR,40000,Loan_SubGrade:F1,3.339121074536225
35,LR,40000,Loan_SubGrade:F2,0.0
36,LR,40000,Loan_SubGrade:F3,0.9607559499143732
37,LR,40000,Loan_SubGrade:F4,1.958514121068727
38,LR,40000,Loan_SubGrade:F5,1.485984324778343
39,LR,40000,Loan_SubGrade:G1,0.01991990901190402
40,LR,40000,Loan_SubGrade:G2,0.03098050544041242
41,LR,40000,Loan_SubGrade:G3,0.054993148120553025
42,LR,40000,Loan_SubGrade:G4,0.011092509001439543
43,LR,40000,Loan_SubGrade:G5,0.2767238021483841
44,LR,40000,Employment_Length:1 year,0.7200846268427383
45,LR,40000,Employment_Length:10+ years,1.2607493930915519
46,LR,40000,Employment_Length:2 years,0.4646524748871174
47,LR,40000,Employment_Length:3 years,0.3710412690539999
48,LR,40000,Employment_Length:4 years,0.17039495403577037
49,LR,40000,Employment_Length:5 years,0.32372712135973564
50,LR,40000,Employment_Length:6 years,0.29889667138247644
51,LR,40000,Employment_Length:7 years,0.1759549320317596
52,LR,40000,Employment_Length:8 years,0.26464821883994216
53,LR,40000,Employment_Length:9 years,0.12019882556687382
54,LR,40000,Employment_Length:< 1 year,0.2566655842449321
55,LR,40000,Employment_Length:unknown,10.071438488940972
56,LR,40000,Home_Ownership:ANY,0.15739904767636165
57,LR,40000,Home_Ownership:MORTGAGE,697.1207806117039
58,LR,40000,Home_Ownership:OWN,221.1143584607084
59,LR,40000,Home_Ownership:RENT,740.0578438170173
60,LR,40000,loan_amnt,33.600156435418775
61,LR,40000,int_rate,2141.5401448779735
62,LR,40000,installment,60.26455103569446
63,LR,40000,annual_inc,4.161683418144019
64,LR,40000,inq_last_6mths,12.180243753044321
65,LR,40000,delinq_2yrs,2.63019463213087
66,LR,40000,mths_since_last_delinq,2.3881893828826133
67,LR,40000,open_acc,8.37489594826113
68,LR,40000,total_acc,10.130775890274238
69,LR,40000,mths_since_last_major_derog,1.9241787504595118
70,LR,40000,dti,4.479681123826701
71,LR,40000,revol_bal,6.997957031318834
72,LR,40000,tot_cur_bal,15.880617100759826
73,LR,40000,open_il_24m,7.138160101295185
74,LR,40000,chargeoff_within_12_mths,0.03727678123088748
75,LR,40000,delinq_amnt,1.8212070212627443
0,RFC,80000,Term: 36 months,67.29718543131825
1,RFC,80000,Term: 60 months,71.70514518047825
2,RFC,80000,Loan_Grade:A,608.6766063563844
3,RFC,80000,Loan_Grade:B,1032.4671239152856
4,RFC,80000,Loan_Grade:C,332.92271647908035
5,RFC,80000,Loan_Grade:D,157.21492440838207
6,RFC,80000,Loan_Grade:E,158.68964037290084
7,RFC,80000,Loan_Grade:F,111.09089435828275
8,RFC,80000,Loan_Grade:G,29.225286578906683
9,RFC,80000,Loan_SubGrade:A1,20.91961995513842
10,RFC,80000,Loan_SubGrade:A2,22.815993830728463
11,RFC,80000,Loan_SubGrade:A3,14.63114955751007
12,RFC,80000,Loan_SubGrade:A4,45.95952762079088
13,RFC,80000,Loan_SubGrade:A5,38.989079506845854
14,RFC,80000,Loan_SubGrade:B1,113.51450728515192
15,RFC,80000,Loan_SubGrade:B2,56.488887202256564
16,RFC,80000,Loan_SubGrade:B3,30.77102277676546
17,RFC,80000,Loan_SubGrade:B4,33.45069357112479
18,RFC,80000,Loan_SubGrade:B5,45.65547463276438
19,RFC,80000,Loan_SubGrade:C1,102.96328950430308
20,RFC,80000,Loan_SubGrade:C2,96.92175902823838
21,RFC,80000,Loan_SubGrade:C3,30.209425383828666
22,RFC,80000,Loan_SubGrade:C4,40.398977963408065
23,RFC,80000,Loan_SubGrade:C5,63.36274551162091
24,RFC,80000,Loan_SubGrade:D1,28.125564243715402
25,RFC,80000,Loan_SubGrade:D2,20.635288832393226
26,RFC,80000,Loan_SubGrade:D3,14.796071025510763
27,RFC,80000,Loan_SubGrade:D4,12.759516342267672
28,RFC,80000,Loan_SubGrade:D5,8.670581630045628
29,RFC,80000,Loan_SubGrade:E1,18.06045622689113
30,RFC,80000,Loan_SubGrade:E2,8.078810131889108
31,RFC,80000,Loan_SubGrade:E3,8.232241705364578
32,RFC,80000,Loan_SubGrade:E4,4.544615861148167
33,RFC,80000,Loan_SubGrade:E5,5.583912200142779
34,RFC,80000,Loan_SubGrade:F1,3.61725717085324
35,RFC,80000,Loan_SubGrade:F2,4.442152143299549
36,RFC,80000,Loan_SubGrade:F3,1.9849576355811422
37,RFC,80000,Loan_SubGrade:F4,1.4703377719923907
38,RFC,80000,Loan_SubGrade:F5,0.40958979522050176
39,RFC,80000,Loan_SubGrade:G1,0.8410209748713933
40,RFC,80000,Loan_SubGrade:G2,0.7209199762676809
41,RFC,80000,Loan_SubGrade:G3,0.5563850747357684
42,RFC,80000,Loan_SubGrade:G4,0.7430504791985786
43,RFC,80000,Loan_SubGrade:G5,0.20716774656963005
44,RFC,80000,Employment_Length:1 year,15.741451164624689
45,RFC,80000,Employment_Length:10+ years,64.81370726998429
46,RFC,80000,Employment_Length:2 years,13.489943123432703
47,RFC,80000,Employment_Length:3 years,23.470805748378854
48,RFC,80000,Employment_Length:4 years,12.552240804611765
49,RFC,80000,Employment_Length:5 years,9.688275942054151
50,RFC,80000,Employment_Length:6 years,6.091443064996886
51,RFC,80000,Employment_Length:7 years,11.462427029125905
52,RFC,80000,Employment_Length:8 years,5.579693316252338
53,RFC,80000,Employment_Length:9 years,8.332917672845564
54,RFC,80000,Employment_Length:< 1 year,13.898804162123373
55,RFC,80000,Employment_Length:unknown,21.32431025849109
56,RFC,80000,Home_Ownership:ANY,0.1745669402649327
57,RFC,80000,Home_Ownership:MORTGAGE,184.04282343379992
58,RFC,80000,Home_Ownership:OWN,40.85003687448233
59,RFC,80000,Home_Ownership:RENT,176.8011930415687
60,RFC,80000,loan_amnt,461.2713928571824
61,RFC,80000,int_rate,1874.0565083000165
62,RFC,80000,installment,334.25945038558297
63,RFC,80000,annual_inc,361.12205741116924
64,RFC,80000,inq_last_6mths,101.98683144800223
65,RFC,80000,delinq_2yrs,88.20596759340013
66,RFC,80000,mths_since_last_delinq,137.0099868621095
67,RFC,80000,open_acc,173.78107204467125
68,RFC,80000,total_acc,153.46666466531383
69,RFC,80000,mths_since_last_major_derog,103.82038438353987
70,RFC,80000,dti,346.73631370879326
71,RFC,80000,revol_bal,301.2542334189252
72,RFC,80000,tot_cur_bal,577.8059396778029
73,RFC,80000,open_il_24m,151.05694422436537
74,RFC,80000,chargeoff_within_12_mths,1.602539480165381
75,RFC,80000,delinq_amnt,2.9289721287295407
0,GBC,80000,Term: 36 months,3.732480671303936
1,GBC,80000,Term: 60 months,12.501844015062446
2,GBC,80000,Loan_Grade:A,511.04760366086475
3,GBC,80000,Loan_Grade:B,402.08100817002764
4,GBC,80000,Loan_Grade:C,235.30688184321534
5,GBC,80000,Loan_Grade:D,150.36118400430533
6,GBC,80000,Loan_Grade:E,256.70798235449126
7,GBC,80000,Loan_Grade:F,209.27697790871525
8,GBC,80000,Loan_Grade:G,60.76575731500918
9,GBC,80000,Loan_SubGrade:A1,8.798434361396078
10,GBC,80000,Loan_SubGrade:A2,7.981416598658441
11,GBC,80000,Loan_SubGrade:A3,66.8757316951633
12,GBC,80000,Loan_SubGrade:A4,29.967422708100187
13,GBC,80000,Loan_SubGrade:A5,98.45815909527904
14,GBC,80000,Loan_SubGrade:B1,216.45951465113262
15,GBC,80000,Loan_SubGrade:B2,46.71203864999132
16,GBC,80000,Loan_SubGrade:B3,36.40213470772185
17,GBC,80000,Loan_SubGrade:B4,45.319750204763345
18,GBC,80000,Loan_SubGrade:B5,139.9436026595453
19,GBC,80000,Loan_SubGrade:C1,142.1253183423584
20,GBC,80000,Loan_SubGrade:C2,94.91511856696306
21,GBC,80000,Loan_SubGrade:C3,222.22047720737655
22,GBC,80000,Loan_SubGrade:C4,459.5894472419343
23,GBC,80000,Loan_SubGrade:C5,406.1934468415187
24,GBC,80000,Loan_SubGrade:D1,96.09883360032008
25,GBC,80000,Loan_SubGrade:D2,195.22781055753424
26,GBC,80000,Loan_SubGrade:D3,115.13333124750953
27,GBC,80000,Loan_SubGrade:D4,116.07394635276859
28,GBC,80000,Loan_SubGrade:D5,132.82067193828982
29,GBC,80000,Loan_SubGrade:E1,26.886976117809613
30,GBC,80000,Loan_SubGrade:E2,12.360534726021863
31,GBC,80000,Loan_SubGrade:E3,29.02254488914586
32,GBC,80000,Loan_SubGrade:E4,15.889064805221278
33,GBC,80000,Loan_SubGrade:E5,18.884075326884332
34,GBC,80000,Loan_SubGrade:F1,0.011616038497828017
35,GBC,80000,Loan_SubGrade:F2,0.0
36,GBC,80000,Loan_SubGrade:F3,0.0
37,GBC,80000,Loan_SubGrade:F4,0.3165082408286578
38,GBC,80000,Loan_SubGrade:F5,0.7768468817970507
39,GBC,80000,Loan_SubGrade:G1,0.004161978644650476
40,GBC,80000,Loan_SubGrade:G2,0.0
41,GBC,80000,Loan_SubGrade:G3,0.013993826212128635
42,GBC,80000,Loan_SubGrade:G4,0.0
43,GBC,80000,Loan_SubGrade:G5,0.25477171436592727
44,GBC,80000,Employment_Length:1 year,3.280767794013245
45,GBC,80000,Employment_Length:10+ years,7.9642550851091904
46,GBC,80000,Employment_Length:2 years,0.862102718127295
47,GBC,80000,Employment_Length:3 years,0.1653693196408093
48,GBC,80000,Employment_Length:4 years,2.777125553311523
49,GBC,80000,Employment_Length:5 years,1.2178634788870764
50,GBC,80000,Employment_Length:6 years,0.47175470735803715
51,GBC,80000,Employment_Length:7 years,6.510521063213479
52,GBC,80000,Employment_Length:8 years,1.6213556148239252
53,GBC,80000,Employment_Length:9 years,0.03036655756347005
54,GBC,80000,Employment_Length:< 1 year,6.963121692597406
55,GBC,80000,Employment_Length:unknown,101.27671483541947
56,GBC,80000,Home_Ownership:ANY,0.3699270906348267
57,GBC,80000,Home_Ownership:MORTGAGE,64.46415343016119
58,GBC,80000,Home_Ownership:OWN,0.6599462369174095
59,GBC,80000,Home_Ownership:RENT,181.6869222498043
60,GBC,80000,loan_amnt,455.00480213234374
61,GBC,80000,int_rate,3941.1396505844305
62,GBC,80000,installment,656.1768741878382
63,GBC,80000,annual_inc,155.3633121261554
64,GBC,80000,inq_last_6mths,262.78263281016916
65,GBC,80000,delinq_2yrs,62.61897533825778
66,GBC,80000,mths_since_last_delinq,69.00455025358204
67,GBC,80000,open_acc,106.91336501560362
68,GBC,80000,total_acc,275.5104275658828
69,GBC,80000,mths_since_last_major_derog,130.55381504285066
70,GBC,80000,dti,272.700682527825
71,GBC,80000,revol_bal,159.9236956808117
72,GBC,80000,tot_cur_bal,294.4948113468572
73,GBC,80000,open_il_24m,101.20914438100675
74,GBC,80000,chargeoff_within_12_mths,0.9906502396576599
75,GBC,80000,delinq_amnt,4.705079047573379
0,LR,80000,Term: 36 months,1104.6170113596493
1,LR,80000,Term: 60 months,1179.9734163350454
2,LR,80000,Loan_Grade:A,716.0073146700537
3,LR,80000,Loan_Grade:B,3.4182187856276824
4,LR,80000,Loan_Grade:C,1233.5132411677162
5,LR,80000,Loan_Grade:D,2011.398221766928
6,LR,80000,Loan_Grade:E,930.3111868024497
7,LR,80000,Loan_Grade:F,396.9645813247909
8,LR,80000,Loan_Grade:G,103.69984019871295
9,LR,80000,Loan_SubGrade:A1,106.25682244589986
10,LR,80000,Loan_SubGrade:A2,108.77449991450013
11,LR,80000,Loan_SubGrade:A3,84.64348031736066
12,LR,80000,Loan_SubGrade:A4,0.22005206335644995
13,LR,80000,Loan_SubGrade:A5,39.22189167719863
14,LR,80000,Loan_SubGrade:B1,144.52685907506952
15,LR,80000,Loan_SubGrade:B2,96.05688480952436
16,LR,80000,Loan_SubGrade:B3,5.736825027362893
17,LR,80000,Loan_SubGrade:B4,102.29578674327591
18,LR,80000,Loan_SubGrade:B5,155.40921741439098
19,LR,80000,Loan_SubGrade:C1,130.3863083021503
20,LR,80000,Loan_SubGrade:C2,0.20074931980083993
21,LR,80000,Loan_SubGrade:C3,108.43838395288768
22,LR,80000,Loan_SubGrade:C4,168.0140133429211
23,LR,80000,Loan_SubGrade:C5,167.0229374385318
24,LR,80000,Loan_SubGrade:D1,60.81235728047431
25,LR,80000,Loan_SubGrade:D2,15.292083947164079
26,LR,80000,Loan_SubGrade:D3,68.6960619780971
27,LR,80000,Loan_SubGrade:D4,84.5694231346148
28,LR,80000,Loan_SubGrade:D5,118.3500101739403
29,LR,80000,Loan_SubGrade:E1,19.403067348923514
30,LR,80000,Loan_SubGrade:E2,0.12283000093173452
31,LR,80000,Loan_SubGrade:E3,22.617027054542366
32,LR,80000,Loan_SubGrade:E4,21.631892639367752
33,LR,80000,Loan_SubGrade:E5,31.26361735325258
34,LR,80000,Loan_SubGrade:F1,11.280917482768047
35,LR,80000,Loan_SubGrade:F2,0.04057758008129875
36,LR,80000,Loan_SubGrade:F3,0.6164217915836331
37,LR,80000,Loan_SubGrade:F4,1.5669048280285505
38,LR,80000,Loan_SubGrade:F5,2.2318560642674905
39,LR,80000,Loan_SubGrade:G1,0.011275502801620402
40,LR,80000,Loan_SubGrade:G2,0.0
41,LR,80000,Loan_SubGrade:G3,0.013123361906135667
42,LR,80000,Loan_SubGrade:G4,0.1758154416590055
43,LR,80000,Loan_SubGrade:G5,0.3840947276423067
44,LR,80000,Employment_Length:1 year,1.9803495943614755
45,LR,80000,Employment_Length:10+ years,3.7311572220521607
46,LR,80000,Employment_Length:2 years,1.0344119255835622
47,LR,80000,Employment_Length:3 years,0.632626243324878
48,LR,80000,Employment_Length:4 years,0.5757774950226533
49,LR,80000,Employment_Length:5 years,0.51655917611811
50,LR,80000,Employment_Length:6 years,0.27429152111916727
51,LR,80000,Employment_Length:7 years,0.5466949341793098
52,LR,80000,Employment_Length:8 years,3.407618043600594
53,LR,80000,Employment_Length:9 years,1.2937750343794474
54,LR,80000,Employment_Length:< 1 year,0.4565282765236955
55,LR,80000,Employment_Length:unknown,17.606576243576715
56,LR,80000,Home_Ownership:ANY,0.6655627885656075
57,LR,80000,Home_Ownership:MORTGAGE,1517.1831597776627
58,LR,80000,Home_Ownership:OWN,453.7521633574055
59,LR,80000,Home_Ownership:RENT,1541.4308659074572
60,LR,80000,loan_amnt,209.17236114540995
61,LR,80000,int_rate,3879.918640241334
62,LR,80000,installment,243.05262244952175
63,LR,80000,annual_inc,8.306493370202622
64,LR,80000,inq_last_6mths,24.7507404891107
65,LR,80000,delinq_2yrs,21.110564402830096
66,LR,80000,mths_since_last_delinq,3.737781796067682
67,LR,80000,open_acc,23.878813813306937
68,LR,80000,total_acc,15.103675971431004
69,LR,80000,mths_since_last_major_derog,9.881305552028074
70,LR,80000,dti,7.809654179203021
71,LR,80000,revol_bal,13.98214074988981
72,LR,80000,tot_cur_bal,58.56739000258918
73,LR,80000,open_il_24m,11.92620370221418
74,LR,80000,chargeoff_within_12_mths,0.1708644658817737
75,LR,80000,delinq_amnt,2.2902846390405864
